,keywords,number_of_times_word_appeared,tf,idf,tf_idf
699,in,346,0.013970202285298987,-5.846438775057725,-0.08167593233617204
952,at,246,0.009932571567004481,-5.5053315359323625,-0.054682099480734894
854,on,243,0.009811442645455647,-5.493061443340548,-0.0538948572992996
331,re,233,0.009407679573626196,-5.4510384535657,-0.05128162311466096
948,an,191,0.007711874671942504,-5.25227342804663,-0.040504874419869434
25,to,179,0.007227358985747163,-5.187385805840755,-0.03749109941638047
865,or,167,0.006742843299551823,-5.117993812416755,-0.034509830285202006
65,the,153,0.006177574998990592,-5.030437921392435,-0.031075907537168112
951,as,152,0.006137198691807648,-5.0238805208462765,-0.030832552960335692
814,Java,126,0.005087414705051076,-4.836281906951478,-0.02460417169119741
692,it,114,0.004602899018855735,-4.736198448394496,-0.02180024319122108
691,is,110,0.004441393790123955,-4.700480365792417,-0.020876684307230015
651,int,95,0.0038357491823797795,-4.553876891600541,-0.017467529563614945
859,of,73,0.0029474704243549884,-4.290459441148391,-0.012646002309679515
624,and,71,0.0028667178099890983,-4.2626798770413155,-0.012219900321796479
622,com,64,0.002584083659708483,-4.1588830833596715,-0.01074690181834776
2,all,60,0.002422578430976703,-4.0943445622221,-0.009918870825426012
575,are,60,0.002422578430976703,-4.0943445622221,-0.009918870825426012
962,no,58,0.002341825816610813,-4.060443010546419,-0.009508850268974535
915,hi,56,0.002261073202244923,-4.02535169073515,-0.009101614837532539
96,new,52,0.0020995679735131426,-3.951243718581427,-0.008295904767078541
830,for,50,0.0020188153591472525,-3.912023005428146,-0.007897652128695736
856,obj,50,0.0020188153591472525,-3.912023005428146,-0.007897652128695736
483,The,50,0.0020188153591472525,-3.912023005428146,-0.007897652128695736
471,Basics,49,0.0019784390519643072,-3.891820298110627,-0.007699729261009436
476,object,47,0.0018976864375984173,-3.8501476017100584,-0.007306372886517251
844,be,46,0.0018573101304154723,-3.828641396489095,-0.0071109744514272375
971,you,46,0.0018573101304154723,-3.828641396489095,-0.0071109744514272375
3,code,43,0.0017361812088666371,-3.7612001156935624,-0.006530124963654184
881,But,42,0.001695804901683692,-3.7376696182833684,-0.006338358459559151
475,Button,41,0.001655428594500747,-3.713572066704308,-0.006147553386961547
485,class,40,0.001615052287317802,-3.6888794541139363,-0.005957733200006358
97,method,38,0.001534299672951912,-3.6375861597263857,-0.005581147255202595
431,applet,38,0.001534299672951912,-3.6375861597263857,-0.005581147255202595
286,not,36,0.0014535470585860218,-3.58351893845611,-0.005208813412380182
529,do,33,0.0013324181370371866,-3.4965075614664802,-0.0046588100911856035
142,use,32,0.0012920418298542416,-3.4657359027997265,-0.004477875757644901
231,data,31,0.0012516655226712965,-3.4339872044851463,-0.004298203389148445
439,Data,31,0.0012516655226712965,-3.4339872044851463,-0.004298203389148445
853,by,30,0.0012112892154883515,-3.4011973816621555,-0.004119833708154588
415,that,30,0.0012112892154883515,-3.4011973816621555,-0.004119833708154588
387,array,28,0.0011305366011224614,-3.332204510175204,-0.003767179161178411
234,All,28,0.0011305366011224614,-3.332204510175204,-0.003767179161178411
702,if,28,0.0011305366011224614,-3.332204510175204,-0.003767179161178411
887,your,27,0.0010901602939395163,-3.295836866004329,-0.003592990486619974
154,call,27,0.0010901602939395163,-3.295836866004329,-0.003592990486619974
417,serve,25,0.0010094076795736262,-3.2188758248682006,-0.0032491579772158524
556,public,24,0.0009690313723906812,-3.1780538303479458,-0.003079633864753531
748,In,23,0.0009286550652077361,-3.1354942159291497,-0.002911792585552164
980,jGuru,23,0.0009286550652077361,-3.1354942159291497,-0.002911792585552164
339,Rights,23,0.0009286550652077361,-3.1354942159291497,-0.002911792585552164
236,Reserved,23,0.0009286550652077361,-3.1354942159291497,-0.002911792585552164
109,objects,22,0.0008882787580247911,-3.0910424533583156,-0.002745707351471028
842,refer,22,0.0008882787580247911,-3.0910424533583156,-0.002745707351471028
625,point,22,0.0008882787580247911,-3.0910424533583156,-0.002745707351471028
27,program,21,0.000847902450841846,-3.044522437723423,-0.002581458036588682
829,String,20,0.000807526143658901,-2.995732273553991,-0.002419132130297566
158,type,20,0.000807526143658901,-2.995732273553991,-0.002419132130297566
193,example,19,0.000767149836475956,-2.9444389791664407,-0.0022588258813809655
380,one,19,0.000767149836475956,-2.9444389791664407,-0.0022588258813809655
441,pre,19,0.000767149836475956,-2.9444389791664407,-0.0022588258813809655
359,Applet,19,0.000767149836475956,-2.9444389791664407,-0.0022588258813809655
26,init,19,0.000767149836475956,-2.9444389791664407,-0.0022588258813809655
754,comment,18,0.0007267735292930109,-2.890371757896165,-0.00210064568345504
106,here,18,0.0007267735292930109,-2.890371757896165,-0.00210064568345504
858,ack,17,0.0006863972221100658,-2.833213344056216,-0.001944709769005357
260,pointer,16,0.0006460209149271208,-2.772588722239781,-0.0017911503030579603
33,allocate,16,0.0006460209149271208,-2.772588722239781,-0.0017911503030579603
244,so,16,0.0006460209149271208,-2.772588722239781,-0.0017911503030579603
657,define,16,0.0006460209149271208,-2.772588722239781,-0.0017911503030579603
570,For,15,0.0006056446077441757,-2.70805020110221,-0.0016401160017980843
41,void,15,0.0006056446077441757,-2.70805020110221,-0.0016401160017980843
280,return,15,0.0006056446077441757,-2.70805020110221,-0.0016401160017980843
18,const,14,0.0005652683005612307,-2.639057329615259,-0.001491775451795277
69,ten,14,0.0005652683005612307,-2.639057329615259,-0.001491775451795277
393,reference,14,0.0005652683005612307,-2.639057329615259,-0.001491775451795277
355,language,14,0.0005652683005612307,-2.639057329615259,-0.001491775451795277
156,memory,14,0.0005652683005612307,-2.639057329615259,-0.001491775451795277
340,This,14,0.0005652683005612307,-2.639057329615259,-0.001491775451795277
187,can,13,0.0005248919933782856,-2.5649493574615367,-0.001346321381152339
80,port,13,0.0005248919933782856,-2.5649493574615367,-0.001346321381152339
912,but,13,0.0005248919933782856,-2.5649493574615367,-0.001346321381152339
846,run,13,0.0005248919933782856,-2.5649493574615367,-0.001346321381152339
710,make,13,0.0005248919933782856,-2.5649493574615367,-0.001346321381152339
233,types,13,0.0005248919933782856,-2.5649493574615367,-0.001346321381152339
241,element,13,0.0005248919933782856,-2.5649493574615367,-0.001346321381152339
219,may,12,0.0004845156861953406,-2.4849066497880004,-0.001203976250553398
781,has,12,0.0004845156861953406,-2.4849066497880004,-0.001203976250553398
936,time,12,0.0004845156861953406,-2.4849066497880004,-0.001203976250553398
873,No,12,0.0004845156861953406,-2.4849066497880004,-0.001203976250553398
11,comments,12,0.0004845156861953406,-2.4849066497880004,-0.001203976250553398
456,null,12,0.0004845156861953406,-2.4849066497880004,-0.001203976250553398
922,with,12,0.0004845156861953406,-2.4849066497880004,-0.001203976250553398
883,operator,12,0.0004845156861953406,-2.4849066497880004,-0.001203976250553398
776,param,12,0.0004845156861953406,-2.4849066497880004,-0.001203976250553398
36,string,12,0.0004845156861953406,-2.4849066497880004,-0.001203976250553398
209,end,11,0.00044413937901239555,-2.3978952727983707,-0.0010649997173974271
889,methods,11,0.00044413937901239555,-2.3978952727983707,-0.0010649997173974271
320,out,11,0.00044413937901239555,-2.3978952727983707,-0.0010649997173974271
605,BasicsJava,11,0.00044413937901239555,-2.3978952727983707,-0.0010649997173974271
440,browser,11,0.00044413937901239555,-2.3978952727983707,-0.0010649997173974271
573,up,11,0.00044413937901239555,-2.3978952727983707,-0.0010649997173974271
182,this,10,0.0004037630718294505,-2.3025850929940455,-0.0009296988302959767
457,any,10,0.0004037630718294505,-2.3025850929940455,-0.0009296988302959767
712,same,10,0.0004037630718294505,-2.3025850929940455,-0.0009296988302959767
944,defined,10,0.0004037630718294505,-2.3025850929940455,-0.0009296988302959767
189,following,10,0.0004037630718294505,-2.3025850929940455,-0.0009296988302959767
864,runtime,10,0.0004037630718294505,-2.3025850929940455,-0.0009296988302959767
953,file,10,0.0004037630718294505,-2.3025850929940455,-0.0009296988302959767
908,form,10,0.0004037630718294505,-2.3025850929940455,-0.0009296988302959767
145,would,10,0.0004037630718294505,-2.3025850929940455,-0.0009296988302959767
679,value,10,0.0004037630718294505,-2.3025850929940455,-0.0009296988302959767
428,expr,10,0.0004037630718294505,-2.3025850929940455,-0.0009296988302959767
966,application,10,0.0004037630718294505,-2.3025850929940455,-0.0009296988302959767
399,system,10,0.0004037630718294505,-2.3025850929940455,-0.0009296988302959767
989,variable,10,0.0004037630718294505,-2.3025850929940455,-0.0009296988302959767
806,boolean,9,0.00036338676464650545,-2.1972245773362196,-0.0007984423303599943
869,primitive,9,0.00036338676464650545,-2.1972245773362196,-0.0007984423303599943
614,ill,9,0.00036338676464650545,-2.1972245773362196,-0.0007984423303599943
851,java,9,0.00036338676464650545,-2.1972245773362196,-0.0007984423303599943
675,To,9,0.00036338676464650545,-2.1972245773362196,-0.0007984423303599943
836,does,9,0.00036338676464650545,-2.1972245773362196,-0.0007984423303599943
151,two,9,0.00036338676464650545,-2.1972245773362196,-0.0007984423303599943
276,main,9,0.00036338676464650545,-2.1972245773362196,-0.0007984423303599943
215,parameter,9,0.00036338676464650545,-2.1972245773362196,-0.0007984423303599943
940,called,9,0.00036338676464650545,-2.1972245773362196,-0.0007984423303599943
453,have,9,0.00036338676464650545,-2.1972245773362196,-0.0007984423303599943
224,collection,8,0.0003230104574635604,-2.0794415416798357,-0.000671681363646735
265,style,8,0.0003230104574635604,-2.0794415416798357,-0.000671681363646735
700,You,8,0.0003230104574635604,-2.0794415416798357,-0.000671681363646735
741,programs,8,0.0003230104574635604,-2.0794415416798357,-0.000671681363646735
390,size,8,0.0003230104574635604,-2.0794415416798357,-0.000671681363646735
351,byte,8,0.0003230104574635604,-2.0794415416798357,-0.000671681363646735
882,ints,8,0.0003230104574635604,-2.0794415416798357,-0.000671681363646735
778,source,8,0.0003230104574635604,-2.0794415416798357,-0.000671681363646735
354,definition,8,0.0003230104574635604,-2.0794415416798357,-0.000671681363646735
964,when,8,0.0003230104574635604,-2.0794415416798357,-0.000671681363646735
794,bit,8,0.0003230104574635604,-2.0794415416798357,-0.000671681363646735
894,there,8,0.0003230104574635604,-2.0794415416798357,-0.000671681363646735
893,applets,8,0.0003230104574635604,-2.0794415416798357,-0.000671681363646735
1003,An,8,0.0003230104574635604,-2.0794415416798357,-0.000671681363646735
942,constant,8,0.0003230104574635604,-2.0794415416798357,-0.000671681363646735
335,cause,8,0.0003230104574635604,-2.0794415416798357,-0.000671681363646735
226,applications,8,0.0003230104574635604,-2.0794415416798357,-0.000671681363646735
840,foo,7,0.00028263415028061535,-1.9459101490553135,-0.000549980661500674
408,bits,7,0.00028263415028061535,-1.9459101490553135,-0.000549980661500674
676,these,7,0.00028263415028061535,-1.9459101490553135,-0.000549980661500674
305,button,7,0.00028263415028061535,-1.9459101490553135,-0.000549980661500674
797,OK,7,0.00028263415028061535,-1.9459101490553135,-0.000549980661500674
872,garbage,7,0.00028263415028061535,-1.9459101490553135,-0.000549980661500674
561,contain,7,0.00028263415028061535,-1.9459101490553135,-0.000549980661500674
230,such,7,0.00028263415028061535,-1.9459101490553135,-0.000549980661500674
977,draw,7,0.00028263415028061535,-1.9459101490553135,-0.000549980661500674
652,literal,7,0.00028263415028061535,-1.9459101490553135,-0.000549980661500674
125,via,7,0.00028263415028061535,-1.9459101490553135,-0.000549980661500674
638,table,7,0.00028263415028061535,-1.9459101490553135,-0.000549980661500674
586,state,7,0.00028263415028061535,-1.9459101490553135,-0.000549980661500674
100,args,7,0.00028263415028061535,-1.9459101490553135,-0.000549980661500674
68,portable,6,0.0002422578430976703,-1.791759469228055,-0.00043406778436501516
464,instance,6,0.0002422578430976703,-1.791759469228055,-0.00043406778436501516
293,execute,6,0.0002422578430976703,-1.791759469228055,-0.00043406778436501516
429,pointers,6,0.0002422578430976703,-1.791759469228055,-0.00043406778436501516
848,equivalent,6,0.0002422578430976703,-1.791759469228055,-0.00043406778436501516
180,thread,6,0.0002422578430976703,-1.791759469228055,-0.00043406778436501516
107,automatic,6,0.0002422578430976703,-1.791759469228055,-0.00043406778436501516
516,parameters,6,0.0002422578430976703,-1.791759469228055,-0.00043406778436501516
917,heap,6,0.0002422578430976703,-1.791759469228055,-0.00043406778436501516
496,Array,6,0.0002422578430976703,-1.791759469228055,-0.00043406778436501516
216,Stack,6,0.0002422578430976703,-1.791759469228055,-0.00043406778436501516
557,arrays,6,0.0002422578430976703,-1.791759469228055,-0.00043406778436501516
499,width,6,0.0002422578430976703,-1.791759469228055,-0.00043406778436501516
295,name,6,0.0002422578430976703,-1.791759469228055,-0.00043406778436501516
733,calloc,6,0.0002422578430976703,-1.791759469228055,-0.00043406778436501516
454,need,6,0.0002422578430976703,-1.791759469228055,-0.00043406778436501516
205,create,6,0.0002422578430976703,-1.791759469228055,-0.00043406778436501516
285,they,6,0.0002422578430976703,-1.791759469228055,-0.00043406778436501516
770,struct,6,0.0002422578430976703,-1.791759469228055,-0.00043406778436501516
143,from,6,0.0002422578430976703,-1.791759469228055,-0.00043406778436501516
825,sizeof,6,0.0002422578430976703,-1.791759469228055,-0.00043406778436501516
21,Object,6,0.0002422578430976703,-1.791759469228055,-0.00043406778436501516
290,nor,6,0.0002422578430976703,-1.791759469228055,-0.00043406778436501516
316,static,5,0.00020188153591472525,-1.6094379124341003,-0.00032491579772158524
211,write,5,0.00020188153591472525,-1.6094379124341003,-0.00032491579772158524
39,very,5,0.00020188153591472525,-1.6094379124341003,-0.00032491579772158524
251,executed,5,0.00020188153591472525,-1.6094379124341003,-0.00032491579772158524
321,predefined,5,0.00020188153591472525,-1.6094379124341003,-0.00032491579772158524
996,Primitive,5,0.00020188153591472525,-1.6094379124341003,-0.00032491579772158524
726,effect,5,0.00020188153591472525,-1.6094379124341003,-0.00032491579772158524
522,should,5,0.00020188153591472525,-1.6094379124341003,-0.00032491579772158524
542,import,5,0.00020188153591472525,-1.6094379124341003,-0.00032491579772158524
621,threads,5,0.00020188153591472525,-1.6094379124341003,-0.00032491579772158524
524,only,5,0.00020188153591472525,-1.6094379124341003,-0.00032491579772158524
978,elements,5,0.00020188153591472525,-1.6094379124341003,-0.00032491579772158524
721,used,5,0.00020188153591472525,-1.6094379124341003,-0.00032491579772158524
201,tag,5,0.00020188153591472525,-1.6094379124341003,-0.00032491579772158524
377,variables,5,0.00020188153591472525,-1.6094379124341003,-0.00032491579772158524
413,passed,5,0.00020188153591472525,-1.6094379124341003,-0.00032491579772158524
487,don,5,0.00020188153591472525,-1.6094379124341003,-0.00032491579772158524
631,allocates,5,0.00020188153591472525,-1.6094379124341003,-0.00032491579772158524
361,length,5,0.00020188153591472525,-1.6094379124341003,-0.00032491579772158524
630,way,5,0.00020188153591472525,-1.6094379124341003,-0.00032491579772158524
694,equal,5,0.00020188153591472525,-1.6094379124341003,-0.00032491579772158524
813,because,5,0.00020188153591472525,-1.6094379124341003,-0.00032491579772158524
939,similar,5,0.00020188153591472525,-1.6094379124341003,-0.00032491579772158524
357,where,5,0.00020188153591472525,-1.6094379124341003,-0.00032491579772158524
450,It,5,0.00020188153591472525,-1.6094379124341003,-0.00032491579772158524
932,signed,5,0.00020188153591472525,-1.6094379124341003,-0.00032491579772158524
669,p2,5,0.00020188153591472525,-1.6094379124341003,-0.00032491579772158524
798,like,5,0.00020188153591472525,-1.6094379124341003,-0.00032491579772158524
793,using,5,0.00020188153591472525,-1.6094379124341003,-0.00032491579772158524
400,while,5,0.00020188153591472525,-1.6094379124341003,-0.00032491579772158524
405,statement,5,0.00020188153591472525,-1.6094379124341003,-0.00032491579772158524
568,set,5,0.00020188153591472525,-1.6094379124341003,-0.00032491579772158524
554,instantiate,5,0.00020188153591472525,-1.6094379124341003,-0.00032491579772158524
81,compile,5,0.00020188153591472525,-1.6094379124341003,-0.00032491579772158524
970,test,5,0.00020188153591472525,-1.6094379124341003,-0.00032491579772158524
92,version,5,0.00020188153591472525,-1.6094379124341003,-0.00032491579772158524
168,p1,5,0.00020188153591472525,-1.6094379124341003,-0.00032491579772158524
967,other,5,0.00020188153591472525,-1.6094379124341003,-0.00032491579772158524
264,machine,5,0.00020188153591472525,-1.6094379124341003,-0.00032491579772158524
271,platform,5,0.00020188153591472525,-1.6094379124341003,-0.00032491579772158524
634,Note,5,0.00020188153591472525,-1.6094379124341003,-0.00032491579772158524
1005,As,4,0.0001615052287317802,-1.3862943611198906,-0.00022389378788224503
649,strings,4,0.0001615052287317802,-1.3862943611198906,-0.00022389378788224503
481,definitions,4,0.0001615052287317802,-1.3862943611198906,-0.00022389378788224503
852,super,4,0.0001615052287317802,-1.3862943611198906,-0.00022389378788224503
736,stack,4,0.0001615052287317802,-1.3862943611198906,-0.00022389378788224503
421,copy,4,0.0001615052287317802,-1.3862943611198906,-0.00022389378788224503
294,document,4,0.0001615052287317802,-1.3862943611198906,-0.00022389378788224503
750,Expressions,4,0.0001615052287317802,-1.3862943611198906,-0.00022389378788224503
662,else,4,0.0001615052287317802,-1.3862943611198906,-0.00022389378788224503
60,println,4,0.0001615052287317802,-1.3862943611198906,-0.00022389378788224503
673,look,4,0.0001615052287317802,-1.3862943611198906,-0.00022389378788224503
732,animations,4,0.0001615052287317802,-1.3862943611198906,-0.00022389378788224503
395,start,4,0.0001615052287317802,-1.3862943611198906,-0.00022389378788224503
955,NULL,4,0.0001615052287317802,-1.3862943611198906,-0.00022389378788224503
166,initial,4,0.0001615052287317802,-1.3862943611198906,-0.00022389378788224503
343,free,4,0.0001615052287317802,-1.3862943611198906,-0.00022389378788224503
89,getParameter,4,0.0001615052287317802,-1.3862943611198906,-0.00022389378788224503
920,line,4,0.0001615052287317802,-1.3862943611198906,-0.00022389378788224503
686,pointernull,4,0.0001615052287317802,-1.3862943611198906,-0.00022389378788224503
820,library,4,0.0001615052287317802,-1.3862943611198906,-0.00022389378788224503
730,uses,4,0.0001615052287317802,-1.3862943611198906,-0.00022389378788224503
176,must,4,0.0001615052287317802,-1.3862943611198906,-0.00022389378788224503
423,semantics,4,0.0001615052287317802,-1.3862943611198906,-0.00022389378788224503
368,view,4,0.0001615052287317802,-1.3862943611198906,-0.00022389378788224503
913,System,4,0.0001615052287317802,-1.3862943611198906,-0.00022389378788224503
123,makes,4,0.0001615052287317802,-1.3862943611198906,-0.00022389378788224503
607,WWW,4,0.0001615052287317802,-1.3862943611198906,-0.00022389378788224503
925,Garbage,4,0.0001615052287317802,-1.3862943611198906,-0.00022389378788224503
671,exception,4,0.0001615052287317802,-1.3862943611198906,-0.00022389378788224503
596,extend,4,0.0001615052287317802,-1.3862943611198906,-0.00022389378788224503
805,true,4,0.0001615052287317802,-1.3862943611198906,-0.00022389378788224503
902,Integer,4,0.0001615052287317802,-1.3862943611198906,-0.00022389378788224503
590,drawn,4,0.0001615052287317802,-1.3862943611198906,-0.00022389378788224503
221,clone,4,0.0001615052287317802,-1.3862943611198906,-0.00022389378788224503
16,consider,4,0.0001615052287317802,-1.3862943611198906,-0.00022389378788224503
114,convert,4,0.0001615052287317802,-1.3862943611198906,-0.00022389378788224503
532,invoke,4,0.0001615052287317802,-1.3862943611198906,-0.00022389378788224503
467,Graphics,4,0.0001615052287317802,-1.3862943611198906,-0.00022389378788224503
105,We,4,0.0001615052287317802,-1.3862943611198906,-0.00022389378788224503
537,stop,4,0.0001615052287317802,-1.3862943611198906,-0.00022389378788224503
362,place,4,0.0001615052287317802,-1.3862943611198906,-0.00022389378788224503
402,paint,4,0.0001615052287317802,-1.3862943611198906,-0.00022389378788224503
325,space,4,0.0001615052287317802,-1.3862943611198906,-0.00022389378788224503
547,compiler,4,0.0001615052287317802,-1.3862943611198906,-0.00022389378788224503
950,How,4,0.0001615052287317802,-1.3862943611198906,-0.00022389378788224503
292,easily,3,0.00012112892154883515,-1.0986122886681098,-0.0001330737217266657
782,By,3,0.00012112892154883515,-1.0986122886681098,-0.0001330737217266657
358,messages,3,0.00012112892154883515,-1.0986122886681098,-0.0001330737217266657
349,initialize,3,0.00012112892154883515,-1.0986122886681098,-0.0001330737217266657
769,now,3,0.00012112892154883515,-1.0986122886681098,-0.0001330737217266657
812,Allocate,3,0.00012112892154883515,-1.0986122886681098,-0.0001330737217266657
319,collector,3,0.00012112892154883515,-1.0986122886681098,-0.0001330737217266657
298,always,3,0.00012112892154883515,-1.0986122886681098,-0.0001330737217266657
780,extends,3,0.00012112892154883515,-1.0986122886681098,-0.0001330737217266657
409,final,3,0.00012112892154883515,-1.0986122886681098,-0.0001330737217266657
804,ignore,3,0.00012112892154883515,-1.0986122886681098,-0.0001330737217266657
422,than,3,0.00012112892154883515,-1.0986122886681098,-0.0001330737217266657
468,destroy,3,0.00012112892154883515,-1.0986122886681098,-0.0001330737217266657
312,hard,3,0.00012112892154883515,-1.0986122886681098,-0.0001330737217266657
466,which,3,0.00012112892154883515,-1.0986122886681098,-0.0001330737217266657
658,life,3,0.00012112892154883515,-1.0986122886681098,-0.0001330737217266657
378,There,3,0.00012112892154883515,-1.0986122886681098,-0.0001330737217266657
462,codevoid,3,0.00012112892154883515,-1.0986122886681098,-0.0001330737217266657
303,each,3,0.00012112892154883515,-1.0986122886681098,-0.0001330737217266657
807,either,3,0.00012112892154883515,-1.0986122886681098,-0.0001330737217266657
337,shows,3,0.00012112892154883515,-1.0986122886681098,-0.0001330737217266657
420,part,3,0.00012112892154883515,-1.0986122886681098,-0.0001330737217266657
809,output,3,0.00012112892154883515,-1.0986122886681098,-0.0001330737217266657
370,first,3,0.00012112892154883515,-1.0986122886681098,-0.0001330737217266657
766,appletviewer,3,0.00012112892154883515,-1.0986122886681098,-0.0001330737217266657
329,QUIT,3,0.00012112892154883515,-1.0986122886681098,-0.0001330737217266657
697,Init,3,0.00012112892154883515,-1.0986122886681098,-0.0001330737217266657
549,assigned,3,0.00012112892154883515,-1.0986122886681098,-0.0001330737217266657
905,function,3,0.00012112892154883515,-1.0986122886681098,-0.0001330737217266657
98,contrast,3,0.00012112892154883515,-1.0986122886681098,-0.0001330737217266657
50,Statements,3,0.00012112892154883515,-1.0986122886681098,-0.0001330737217266657
183,package,3,0.00012112892154883515,-1.0986122886681098,-0.0001330737217266657
623,reside,3,0.00012112892154883515,-1.0986122886681098,-0.0001330737217266657
179,defines,3,0.00012112892154883515,-1.0986122886681098,-0.0001330737217266657
916,link,3,0.00012112892154883515,-1.0986122886681098,-0.0001330737217266657
58,leave,3,0.00012112892154883515,-1.0986122886681098,-0.0001330737217266657
165,These,3,0.00012112892154883515,-1.0986122886681098,-0.0001330737217266657
680,will,3,0.00012112892154883515,-1.0986122886681098,-0.0001330737217266657
66,height,3,0.00012112892154883515,-1.0986122886681098,-0.0001330737217266657
155,therefore,3,0.00012112892154883515,-1.0986122886681098,-0.0001330737217266657
611,stat1,3,0.00012112892154883515,-1.0986122886681098,-0.0001330737217266657
928,default,3,0.00012112892154883515,-1.0986122886681098,-0.0001330737217266657
71,GUI,3,0.00012112892154883515,-1.0986122886681098,-0.0001330737217266657
146,TypeName,3,0.00012112892154883515,-1.0986122886681098,-0.0001330737217266657
141,buttons,3,0.00012112892154883515,-1.0986122886681098,-0.0001330737217266657
610,bfoo,3,0.00012112892154883515,-1.0986122886681098,-0.0001330737217266657
974,arithmetic,3,0.00012112892154883515,-1.0986122886681098,-0.0001330737217266657
973,operators,3,0.00012112892154883515,-1.0986122886681098,-0.0001330737217266657
696,blah,3,0.00012112892154883515,-1.0986122886681098,-0.0001330737217266657
583,label,3,0.00012112892154883515,-1.0986122886681098,-0.0001330737217266657
87,section,3,0.00012112892154883515,-1.0986122886681098,-0.0001330737217266657
589,between,3,0.00012112892154883515,-1.0986122886681098,-0.0001330737217266657
949,char,3,0.00012112892154883515,-1.0986122886681098,-0.0001330737217266657
91,access,3,0.00012112892154883515,-1.0986122886681098,-0.0001330737217266657
687,loop,3,0.00012112892154883515,-1.0986122886681098,-0.0001330737217266657
103,compilation,3,0.00012112892154883515,-1.0986122886681098,-0.0001330737217266657
196,programming,3,0.00012112892154883515,-1.0986122886681098,-0.0001330737217266657
987,push,3,0.00012112892154883515,-1.0986122886681098,-0.0001330737217266657
551,inthis,3,0.00012112892154883515,-1.0986122886681098,-0.0001330737217266657
599,equals,3,0.00012112892154883515,-1.0986122886681098,-0.0001330737217266657
870,own,3,0.00012112892154883515,-1.0986122886681098,-0.0001330737217266657
871,statements,3,0.00012112892154883515,-1.0986122886681098,-0.0001330737217266657
647,optional,3,0.00012112892154883515,-1.0986122886681098,-0.0001330737217266657
874,into,3,0.00012112892154883515,-1.0986122886681098,-0.0001330737217266657
629,address,3,0.00012112892154883515,-1.0986122886681098,-0.0001330737217266657
875,within,3,0.00012112892154883515,-1.0986122886681098,-0.0001330737217266657
12,edu,3,0.00012112892154883515,-1.0986122886681098,-0.0001330737217266657
866,automatically,3,0.00012112892154883515,-1.0986122886681098,-0.0001330737217266657
269,dispose,3,0.00012112892154883515,-1.0986122886681098,-0.0001330737217266657
246,allow,3,0.00012112892154883515,-1.0986122886681098,-0.0001330737217266657
745,TrivialApplication,3,0.00012112892154883515,-1.0986122886681098,-0.0001330737217266657
880,references,3,0.00012112892154883515,-1.0986122886681098,-0.0001330737217266657
650,been,3,0.00012112892154883515,-1.0986122886681098,-0.0001330737217266657
28,those,3,0.00012112892154883515,-1.0986122886681098,-0.0001330737217266657
639,allocated,3,0.00012112892154883515,-1.0986122886681098,-0.0001330737217266657
31,include,3,0.00012112892154883515,-1.0986122886681098,-0.0001330737217266657
862,nothing,3,0.00012112892154883515,-1.0986122886681098,-0.0001330737217266657
32,resources,3,0.00012112892154883515,-1.0986122886681098,-0.0001330737217266657
525,HTML,3,0.00012112892154883515,-1.0986122886681098,-0.0001330737217266657
34,case,3,0.00012112892154883515,-1.0986122886681098,-0.0001330737217266657
6,dynamic,3,0.00012112892154883515,-1.0986122886681098,-0.0001330737217266657
1,limited,3,0.00012112892154883515,-1.0986122886681098,-0.0001330737217266657
238,Variables,3,0.00012112892154883515,-1.0986122886681098,-0.0001330737217266657
502,text,3,0.00012112892154883515,-1.0986122886681098,-0.0001330737217266657
604,come,2,8.07526143658901e-05,-0.6931471805599453,-5.597344697056126e-05
438,declare,2,8.07526143658901e-05,-0.6931471805599453,-5.597344697056126e-05
601,Vector,2,8.07526143658901e-05,-0.6931471805599453,-5.597344697056126e-05
603,Each,2,8.07526143658901e-05,-0.6931471805599453,-5.597344697056126e-05
635,simply,2,8.07526143658901e-05,-0.6931471805599453,-5.597344697056126e-05
683,behavior,2,8.07526143658901e-05,-0.6931471805599453,-5.597344697056126e-05
666,variableName,2,8.07526143658901e-05,-0.6931471805599453,-5.597344697056126e-05
779,valid,2,8.07526143658901e-05,-0.6931471805599453,-5.597344697056126e-05
668,instantiates,2,8.07526143658901e-05,-0.6931471805599453,-5.597344697056126e-05
432,classes,2,8.07526143658901e-05,-0.6931471805599453,-5.597344697056126e-05
617,display,2,8.07526143658901e-05,-0.6931471805599453,-5.597344697056126e-05
618,etc,2,8.07526143658901e-05,-0.6931471805599453,-5.597344697056126e-05
426,FALSE,2,8.07526143658901e-05,-0.6931471805599453,-5.597344697056126e-05
626,simple,2,8.07526143658901e-05,-0.6931471805599453,-5.597344697056126e-05
636,orin,2,8.07526143658901e-05,-0.6931471805599453,-5.597344697056126e-05
427,keyword,2,8.07526143658901e-05,-0.6931471805599453,-5.597344697056126e-05
665,delimited,2,8.07526143658901e-05,-0.6931471805599453,-5.597344697056126e-05
646,addition,2,8.07526143658901e-05,-0.6931471805599453,-5.597344697056126e-05
747,components,2,8.07526143658901e-05,-0.6931471805599453,-5.597344697056126e-05
597,opening,2,8.07526143658901e-05,-0.6931471805599453,-5.597344697056126e-05
543,during,2,8.07526143658901e-05,-0.6931471805599453,-5.597344697056126e-05
540,cannot,2,8.07526143658901e-05,-0.6931471805599453,-5.597344697056126e-05
720,independent,2,8.07526143658901e-05,-0.6931471805599453,-5.597344697056126e-05
786,checking,2,8.07526143658901e-05,-0.6931471805599453,-5.597344697056126e-05
530,handle,2,8.07526143658901e-05,-0.6931471805599453,-5.597344697056126e-05
521,written,2,8.07526143658901e-05,-0.6931471805599453,-5.597344697056126e-05
759,prints,2,8.07526143658901e-05,-0.6931471805599453,-5.597344697056126e-05
473,Unlike,2,8.07526143658901e-05,-0.6931471805599453,-5.597344697056126e-05
518,menu,2,8.07526143658901e-05,-0.6931471805599453,-5.597344697056126e-05
758,Applets,2,8.07526143658901e-05,-0.6931471805599453,-5.597344697056126e-05
734,robust,2,8.07526143658901e-05,-0.6931471805599453,-5.597344697056126e-05
739,task,2,8.07526143658901e-05,-0.6931471805599453,-5.597344697056126e-05
756,just,2,8.07526143658901e-05,-0.6931471805599453,-5.597344697056126e-05
504,Comments,2,8.07526143658901e-05,-0.6931471805599453,-5.597344697056126e-05
503,labels,2,8.07526143658901e-05,-0.6931471805599453,-5.597344697056126e-05
501,Web,2,8.07526143658901e-05,-0.6931471805599453,-5.597344697056126e-05
752,If,2,8.07526143658901e-05,-0.6931471805599453,-5.597344697056126e-05
494,error,2,8.07526143658901e-05,-0.6931471805599453,-5.597344697056126e-05
493,points,2,8.07526143658901e-05,-0.6931471805599453,-5.597344697056126e-05
714,member,2,8.07526143658901e-05,-0.6931471805599453,-5.597344697056126e-05
552,bar,2,8.07526143658901e-05,-0.6931471805599453,-5.597344697056126e-05
711,tothe,2,8.07526143658901e-05,-0.6931471805599453,-5.597344697056126e-05
765,yet,2,8.07526143658901e-05,-0.6931471805599453,-5.597344697056126e-05
594,available,2,8.07526143658901e-05,-0.6931471805599453,-5.597344697056126e-05
444,false,2,8.07526143658901e-05,-0.6931471805599453,-5.597344697056126e-05
773,Assignment,2,8.07526143658901e-05,-0.6931471805599453,-5.597344697056126e-05
447,dynamically,2,8.07526143658901e-05,-0.6931471805599453,-5.597344697056126e-05
695,hardware,2,8.07526143658901e-05,-0.6931471805599453,-5.597344697056126e-05
771,integer,2,8.07526143658901e-05,-0.6931471805599453,-5.597344697056126e-05
581,TRUE,2,8.07526143658901e-05,-0.6931471805599453,-5.597344697056126e-05
491,codeint,2,8.07526143658901e-05,-0.6931471805599453,-5.597344697056126e-05
449,argument,2,8.07526143658901e-05,-0.6931471805599453,-5.597344697056126e-05
598,however,2,8.07526143658901e-05,-0.6931471805599453,-5.597344697056126e-05
579,invoked,2,8.07526143658901e-05,-0.6931471805599453,-5.597344697056126e-05
701,IEEE,2,8.07526143658901e-05,-0.6931471805599453,-5.597344697056126e-05
571,Create,2,8.07526143658901e-05,-0.6931471805599453,-5.597344697056126e-05
703,thesame,2,8.07526143658901e-05,-0.6931471805599453,-5.597344697056126e-05
567,ignored,2,8.07526143658901e-05,-0.6931471805599453,-5.597344697056126e-05
705,containing,2,8.07526143658901e-05,-0.6931471805599453,-5.597344697056126e-05
707,ButtonsButton,2,8.07526143658901e-05,-0.6931471805599453,-5.597344697056126e-05
708,perform,2,8.07526143658901e-05,-0.6931471805599453,-5.597344697056126e-05
767,secure,2,8.07526143658901e-05,-0.6931471805599453,-5.597344697056126e-05
558,bad,2,8.07526143658901e-05,-0.6931471805599453,-5.597344697056126e-05
698,itself,2,8.07526143658901e-05,-0.6931471805599453,-5.597344697056126e-05
536,AppletName,2,8.07526143658901e-05,-0.6931471805599453,-5.597344697056126e-05
1012,once,2,8.07526143658901e-05,-0.6931471805599453,-5.597344697056126e-05
787,handling,2,8.07526143658901e-05,-0.6931471805599453,-5.597344697056126e-05
159,more,2,8.07526143658901e-05,-0.6931471805599453,-5.597344697056126e-05
164,comparison,2,8.07526143658901e-05,-0.6931471805599453,-5.597344697056126e-05
172,So,2,8.07526143658901e-05,-0.6931471805599453,-5.597344697056126e-05
173,particular,2,8.07526143658901e-05,-0.6931471805599453,-5.597344697056126e-05
907,complete,2,8.07526143658901e-05,-0.6931471805599453,-5.597344697056126e-05
899,Every,2,8.07526143658901e-05,-0.6931471805599453,-5.597344697056126e-05
414,Portability,2,8.07526143658901e-05,-0.6931471805599453,-5.597344697056126e-05
206,constant3,2,8.07526143658901e-05,-0.6931471805599453,-5.597344697056126e-05
897,stylecomments,2,8.07526143658901e-05,-0.6931471805599453,-5.597344697056126e-05
223,them,2,8.07526143658901e-05,-0.6931471805599453,-5.597344697056126e-05
232,lifecycle,2,8.07526143658901e-05,-0.6931471805599453,-5.597344697056126e-05
927,versions,2,8.07526143658901e-05,-0.6931471805599453,-5.597344697056126e-05
239,documentation,2,8.07526143658901e-05,-0.6931471805599453,-5.597344697056126e-05
254,interpreted,2,8.07526143658901e-05,-0.6931471805599453,-5.597344697056126e-05
256,suspend,2,8.07526143658901e-05,-0.6931471805599453,-5.597344697056126e-05
259,left,2,8.07526143658901e-05,-0.6931471805599453,-5.597344697056126e-05
863,constructor,2,8.07526143658901e-05,-0.6931471805599453,-5.597344697056126e-05
272,window,2,8.07526143658901e-05,-0.6931471805599453,-5.597344697056126e-05
273,continue,2,8.07526143658901e-05,-0.6931471805599453,-5.597344697056126e-05
275,World,2,8.07526143658901e-05,-0.6931471805599453,-5.597344697056126e-05
278,non,2,8.07526143658901e-05,-0.6931471805599453,-5.597344697056126e-05
283,break,2,8.07526143658901e-05,-0.6931471805599453,-5.597344697056126e-05
291,instanceof,2,8.07526143658901e-05,-0.6931471805599453,-5.597344697056126e-05
297,Simple,2,8.07526143658901e-05,-0.6931471805599453,-5.597344697056126e-05
242,their,2,8.07526143658901e-05,-0.6931471805599453,-5.597344697056126e-05
152,Hello,2,8.07526143658901e-05,-0.6931471805599453,-5.597344697056126e-05
150,concatenate,2,8.07526143658901e-05,-0.6931471805599453,-5.597344697056126e-05
149,contains,2,8.07526143658901e-05,-0.6931471805599453,-5.597344697056126e-05
8,existing,2,8.07526143658901e-05,-0.6931471805599453,-5.597344697056126e-05
14,alt,2,8.07526143658901e-05,-0.6931471805599453,-5.597344697056126e-05
15,causes,2,8.07526143658901e-05,-0.6931471805599453,-5.597344697056126e-05
24,environment,2,8.07526143658901e-05,-0.6931471805599453,-5.597344697056126e-05
999,calls,2,8.07526143658901e-05,-0.6931471805599453,-5.597344697056126e-05
998,longer,2,8.07526143658901e-05,-0.6931471805599453,-5.597344697056126e-05
997,Constant,2,8.07526143658901e-05,-0.6931471805599453,-5.597344697056126e-05
992,structure,2,8.07526143658901e-05,-0.6931471805599453,-5.597344697056126e-05
47,syntax,2,8.07526143658901e-05,-0.6931471805599453,-5.597344697056126e-05
986,ExpressionsItemExamples,2,8.07526143658901e-05,-0.6931471805599453,-5.597344697056126e-05
52,level,2,8.07526143658901e-05,-0.6931471805599453,-5.597344697056126e-05
55,TrivialApplet,2,8.07526143658901e-05,-0.6931471805599453,-5.597344697056126e-05
57,list,2,8.07526143658901e-05,-0.6931471805599453,-5.597344697056126e-05
61,freed,2,8.07526143658901e-05,-0.6931471805599453,-5.597344697056126e-05
63,dereference,2,8.07526143658901e-05,-0.6931471805599453,-5.597344697056126e-05
976,Wide,2,8.07526143658901e-05,-0.6931471805599453,-5.597344697056126e-05
975,inC,2,8.07526143658901e-05,-0.6931471805599453,-5.597344697056126e-05
75,second,2,8.07526143658901e-05,-0.6931471805599453,-5.597344697056126e-05
78,initialized,2,8.07526143658901e-05,-0.6931471805599453,-5.597344697056126e-05
965,awt,2,8.07526143658901e-05,-0.6931471805599453,-5.597344697056126e-05
946,setTitle,2,8.07526143658901e-05,-0.6931471805599453,-5.597344697056126e-05
127,addresses,2,8.07526143658901e-05,-0.6931471805599453,-5.597344697056126e-05
933,placed,2,8.07526143658901e-05,-0.6931471805599453,-5.597344697056126e-05
139,unit,2,8.07526143658901e-05,-0.6931471805599453,-5.597344697056126e-05
931,bounds,2,8.07526143658901e-05,-0.6931471805599453,-5.597344697056126e-05
850,host,2,8.07526143658901e-05,-0.6931471805599453,-5.597344697056126e-05
847,Accessing,2,8.07526143658901e-05,-0.6931471805599453,-5.597344697056126e-05
204,specific,2,8.07526143658901e-05,-0.6931471805599453,-5.597344697056126e-05
660,instantiated,2,8.07526143658901e-05,-0.6931471805599453,-5.597344697056126e-05
334,illustrate,2,8.07526143658901e-05,-0.6931471805599453,-5.597344697056126e-05
344,standard,2,8.07526143658901e-05,-0.6931471805599453,-5.597344697056126e-05
790,ObjectsA,2,8.07526143658901e-05,-0.6931471805599453,-5.597344697056126e-05
821,added,2,8.07526143658901e-05,-0.6931471805599453,-5.597344697056126e-05
795,execution,2,8.07526143658901e-05,-0.6931471805599453,-5.597344697056126e-05
833,However,2,8.07526143658901e-05,-0.6931471805599453,-5.597344697056126e-05
375,features,2,8.07526143658901e-05,-0.6931471805599453,-5.597344697056126e-05
834,subclass,2,8.07526143658901e-05,-0.6931471805599453,-5.597344697056126e-05
824,Employee,2,8.07526143658901e-05,-0.6931471805599453,-5.597344697056126e-05
411,II,2,8.07526143658901e-05,-0.6931471805599453,-5.597344697056126e-05
352,Strings,2,8.07526143658901e-05,-0.6931471805599453,-5.597344697056126e-05
383,Program,2,8.07526143658901e-05,-0.6931471805599453,-5.597344697056126e-05
360,creates,2,8.07526143658901e-05,-0.6931471805599453,-5.597344697056126e-05
835,idi,2,8.07526143658901e-05,-0.6931471805599453,-5.597344697056126e-05
341,Declarations,2,8.07526143658901e-05,-0.6931471805599453,-5.597344697056126e-05
384,done,2,8.07526143658901e-05,-0.6931471805599453,-5.597344697056126e-05
959,compared,1,4.037630718294505e-05,0.0,0.0
803,translates,1,4.037630718294505e-05,0.0,0.0
960,CollectionAn,1,4.037630718294505e-05,0.0,0.0
961,Thisstatement,1,4.037630718294505e-05,0.0,0.0
972,depot,1,4.037630718294505e-05,0.0,0.0
969,becomes,1,4.037630718294505e-05,0.0,0.0
963,index,1,4.037630718294505e-05,0.0,0.0
685,StatementsStatementExamplesifif,1,4.037630718294505e-05,0.0,0.0
777,javaBasics,1,4.037630718294505e-05,0.0,0.0
958,incorrect,1,4.037630718294505e-05,0.0,0.0
968,details,1,4.037630718294505e-05,0.0,0.0
684,applies,1,4.037630718294505e-05,0.0,0.0
688,suffixdouble,1,4.037630718294505e-05,0.0,0.0
954,Memory,1,4.037630718294505e-05,0.0,0.0
689,malloc,1,4.037630718294505e-05,0.0,0.0
929,onetwo,1,4.037630718294505e-05,0.0,0.0
930,whiledo,1,4.037630718294505e-05,0.0,0.0
775,guaranteed,1,4.037630718294505e-05,0.0,0.0
815,often,1,4.037630718294505e-05,0.0,0.0
811,page,1,4.037630718294505e-05,0.0,0.0
934,arithmeticJava,1,4.037630718294505e-05,0.0,0.0
935,converted,1,4.037630718294505e-05,0.0,0.0
937,SemanticsWe,1,4.037630718294505e-05,0.0,0.0
957,fill,1,4.037630718294505e-05,0.0,0.0
938,arraya,1,4.037630718294505e-05,0.0,0.0
810,returnreturn,1,4.037630718294505e-05,0.0,0.0
943,Stacks,1,4.037630718294505e-05,0.0,0.0
945,modules,1,4.037630718294505e-05,0.0,0.0
693,Javavariables,1,4.037630718294505e-05,0.0,0.0
808,translated,1,4.037630718294505e-05,0.0,0.0
947,deep,1,4.037630718294505e-05,0.0,0.0
956,pointerYou,1,4.037630718294505e-05,0.0,0.0
690,inJava,1,4.037630718294505e-05,0.0,0.0
941,say,1,4.037630718294505e-05,0.0,0.0
979,jperforms,1,4.037630718294505e-05,0.0,0.0
981,Double,1,4.037630718294505e-05,0.0,0.0
681,vspace,1,4.037630718294505e-05,0.0,0.0
789,five,1,4.037630718294505e-05,0.0,0.0
788,ifthey,1,4.037630718294505e-05,0.0,0.0
670,Storing,1,4.037630718294505e-05,0.0,0.0
1000,SemanticsPortabilityJava,1,4.037630718294505e-05,0.0,0.0
1001,ValuesArguments,1,4.037630718294505e-05,0.0,0.0
667,unnecessarily,1,4.037630718294505e-05,0.0,0.0
1002,together,1,4.037630718294505e-05,0.0,0.0
1004,Blah,1,4.037630718294505e-05,0.0,0.0
672,ExecutionThe,1,4.037630718294505e-05,0.0,0.0
784,Unicode,1,4.037630718294505e-05,0.0,0.0
1007,NetscapeNavigator,1,4.037630718294505e-05,0.0,0.0
785,intsVector,1,4.037630718294505e-05,0.0,0.0
1008,short16,1,4.037630718294505e-05,0.0,0.0
664,demand,1,4.037630718294505e-05,0.0,0.0
663,atJava,1,4.037630718294505e-05,0.0,0.0
1009,leaked,1,4.037630718294505e-05,0.0,0.0
661,methodshould,1,4.037630718294505e-05,0.0,0.0
1010,requires,1,4.037630718294505e-05,0.0,0.0
1006,implied,1,4.037630718294505e-05,0.0,0.0
783,Ifyou,1,4.037630718294505e-05,0.0,0.0
995,intentionally,1,4.037630718294505e-05,0.0,0.0
994,searches,1,4.037630718294505e-05,0.0,0.0
802,disks,1,4.037630718294505e-05,0.0,0.0
774,ParamTest,1,4.037630718294505e-05,0.0,0.0
801,reduces,1,4.037630718294505e-05,0.0,0.0
982,symbol,1,4.037630718294505e-05,0.0,0.0
800,follows,1,4.037630718294505e-05,0.0,0.0
678,single,1,4.037630718294505e-05,0.0,0.0
677,align,1,4.037630718294505e-05,0.0,0.0
983,statdo,1,4.037630718294505e-05,0.0,0.0
799,sizes,1,4.037630718294505e-05,0.0,0.0
984,codenew,1,4.037630718294505e-05,0.0,0.0
985,systemresources,1,4.037630718294505e-05,0.0,0.0
796,dimensional,1,4.037630718294505e-05,0.0,0.0
988,bitschar16,1,4.037630718294505e-05,0.0,0.0
792,commentary,1,4.037630718294505e-05,0.0,0.0
990,notpresent,1,4.037630718294505e-05,0.0,0.0
991,methodcauses,1,4.037630718294505e-05,0.0,0.0
791,burden,1,4.037630718294505e-05,0.0,0.0
674,publicly,1,4.037630718294505e-05,0.0,0.0
993,NullPointerException,1,4.037630718294505e-05,0.0,0.0
682,themout,1,4.037630718294505e-05,0.0,0.0
816,stat1case,1,4.037630718294505e-05,0.0,0.0
839,fragments,1,4.037630718294505e-05,0.0,0.0
772,also,1,4.037630718294505e-05,0.0,0.0
743,integrateyour,1,4.037630718294505e-05,0.0,0.0
867,software,1,4.037630718294505e-05,0.0,0.0
868,freeing,1,4.037630718294505e-05,0.0,0.0
828,literals,1,4.037630718294505e-05,0.0,0.0
764,Internet,1,4.037630718294505e-05,0.0,0.0
742,well,1,4.037630718294505e-05,0.0,0.0
740,undefined,1,4.037630718294505e-05,0.0,0.0
876,int00000In,1,4.037630718294505e-05,0.0,0.0
763,invalid,1,4.037630718294505e-05,0.0,0.0
738,youmust,1,4.037630718294505e-05,0.0,0.0
877,iconifyyour,1,4.037630718294505e-05,0.0,0.0
735,AppletTemplate,1,4.037630718294505e-05,0.0,0.0
878,appropriate,1,4.037630718294505e-05,0.0,0.0
879,right,1,4.037630718294505e-05,0.0,0.0
827,provided,1,4.037630718294505e-05,0.0,0.0
826,ExecutionAn,1,4.037630718294505e-05,0.0,0.0
731,user,1,4.037630718294505e-05,0.0,0.0
884,old,1,4.037630718294505e-05,0.0,0.0
737,thatspecify,1,4.037630718294505e-05,0.0,0.0
729,running,1,4.037630718294505e-05,0.0,0.0
744,Terence,1,4.037630718294505e-05,0.0,0.0
762,stored,1,4.037630718294505e-05,0.0,0.0
841,constant4float,1,4.037630718294505e-05,0.0,0.0
843,lowest,1,4.037630718294505e-05,0.0,0.0
757,elementsJava,1,4.037630718294505e-05,0.0,0.0
845,orviruses,1,4.037630718294505e-05,0.0,0.0
755,problemsbecause,1,4.037630718294505e-05,0.0,0.0
837,market,1,4.037630718294505e-05,0.0,0.0
849,thereforeJava,1,4.037630718294505e-05,0.0,0.0
753,Descriptionidi,1,4.037630718294505e-05,0.0,0.0
831,broad,1,4.037630718294505e-05,0.0,0.0
760,tobe,1,4.037630718294505e-05,0.0,0.0
751,drawing,1,4.037630718294505e-05,0.0,0.0
855,deallocating,1,4.037630718294505e-05,0.0,0.0
857,nonportable,1,4.037630718294505e-05,0.0,0.0
749,Tnew,1,4.037630718294505e-05,0.0,0.0
860,discussed,1,4.037630718294505e-05,0.0,0.0
861,compatible,1,4.037630718294505e-05,0.0,0.0
832,avoid,1,4.037630718294505e-05,0.0,0.0
746,command,1,4.037630718294505e-05,0.0,0.0
761,ObjectsIn,1,4.037630718294505e-05,0.0,0.0
885,youoverride,1,4.037630718294505e-05,0.0,0.0
886,III,1,4.037630718294505e-05,0.0,0.0
728,allocation,1,4.037630718294505e-05,0.0,0.0
904,archives,1,4.037630718294505e-05,0.0,0.0
713,linked,1,4.037630718294505e-05,0.0,0.0
906,tedious,1,4.037630718294505e-05,0.0,0.0
909,Standalone,1,4.037630718294505e-05,0.0,0.0
910,concatenated,1,4.037630718294505e-05,0.0,0.0
911,differences,1,4.037630718294505e-05,0.0,0.0
914,StatementsJava,1,4.037630718294505e-05,0.0,0.0
819,back,1,4.037630718294505e-05,0.0,0.0
903,sections,1,4.037630718294505e-05,0.0,0.0
918,src,1,4.037630718294505e-05,0.0,0.0
919,automaticallys,1,4.037630718294505e-05,0.0,0.0
921,tosubclass,1,4.037630718294505e-05,0.0,0.0
818,creation,1,4.037630718294505e-05,0.0,0.0
706,Return,1,4.037630718294505e-05,0.0,0.0
923,stat1if,1,4.037630718294505e-05,0.0,0.0
838,statwhilewhile,1,4.037630718294505e-05,0.0,0.0
924,portions,1,4.037630718294505e-05,0.0,0.0
926,places,1,4.037630718294505e-05,0.0,0.0
709,things,1,4.037630718294505e-05,0.0,0.0
901,notices,1,4.037630718294505e-05,0.0,0.0
715,amethod,1,4.037630718294505e-05,0.0,0.0
716,virtually,1,4.037630718294505e-05,0.0,0.0
888,bitslong64,1,4.037630718294505e-05,0.0,0.0
727,IV,1,4.037630718294505e-05,0.0,0.0
890,terminated,1,4.037630718294505e-05,0.0,0.0
725,beginwith,1,4.037630718294505e-05,0.0,0.0
891,Parameters,1,4.037630718294505e-05,0.0,0.0
892,area,1,4.037630718294505e-05,0.0,0.0
724,proper,1,4.037630718294505e-05,0.0,0.0
895,generatedocumentation,1,4.037630718294505e-05,0.0,0.0
723,togroup,1,4.037630718294505e-05,0.0,0.0
722,bitsint32,1,4.037630718294505e-05,0.0,0.0
896,specifically,1,4.037630718294505e-05,0.0,0.0
768,isrevisited,1,4.037630718294505e-05,0.0,0.0
823,specified,1,4.037630718294505e-05,0.0,0.0
719,difficult,1,4.037630718294505e-05,0.0,0.0
898,lifecyclemethodsThe,1,4.037630718294505e-05,0.0,0.0
718,several,1,4.037630718294505e-05,0.0,0.0
822,superclass,1,4.037630718294505e-05,0.0,0.0
900,terminates,1,4.037630718294505e-05,0.0,0.0
717,StringsJava,1,4.037630718294505e-05,0.0,0.0
817,tells,1,4.037630718294505e-05,0.0,0.0
704,whenquitting,1,4.037630718294505e-05,0.0,0.0
0,constant077nullthe,1,4.037630718294505e-05,0.0,0.0
656,thisthe,1,4.037630718294505e-05,0.0,0.0
200,calledonce,1,4.037630718294505e-05,0.0,0.0
202,something,1,4.037630718294505e-05,0.0,0.0
203,allowed,1,4.037630718294505e-05,0.0,0.0
207,native,1,4.037630718294505e-05,0.0,0.0
208,callclass,1,4.037630718294505e-05,0.0,0.0
210,Anything,1,4.037630718294505e-05,0.0,0.0
212,menus,1,4.037630718294505e-05,0.0,0.0
213,instead,1,4.037630718294505e-05,0.0,0.0
199,javadoc,1,4.037630718294505e-05,0.0,0.0
214,happens,1,4.037630718294505e-05,0.0,0.0
218,acollection,1,4.037630718294505e-05,0.0,0.0
220,surroundingit,1,4.037630718294505e-05,0.0,0.0
222,after,1,4.037630718294505e-05,0.0,0.0
225,diagram,1,4.037630718294505e-05,0.0,0.0
227,jumping,1,4.037630718294505e-05,0.0,0.0
228,designed,1,4.037630718294505e-05,0.0,0.0
229,functionthat,1,4.037630718294505e-05,0.0,0.0
235,nameListobj,1,4.037630718294505e-05,0.0,0.0
217,SecurityThe,1,4.037630718294505e-05,0.0,0.0
237,whenever,1,4.037630718294505e-05,0.0,0.0
198,scrollbars,1,4.037630718294505e-05,0.0,0.0
195,figure,1,4.037630718294505e-05,0.0,0.0
163,ObjectsAssignment,1,4.037630718294505e-05,0.0,0.0
167,programmingThe,1,4.037630718294505e-05,0.0,0.0
169,yourbrowser,1,4.037630718294505e-05,0.0,0.0
170,double64,1,4.037630718294505e-05,0.0,0.0
171,heapwould,1,4.037630718294505e-05,0.0,0.0
174,effort,1,4.037630718294505e-05,0.0,0.0
175,Byte,1,4.037630718294505e-05,0.0,0.0
177,Buttonnull,1,4.037630718294505e-05,0.0,0.0
197,bitsfloat32,1,4.037630718294505e-05,0.0,0.0
178,lowercase,1,4.037630718294505e-05,0.0,0.0
184,modified,1,4.037630718294505e-05,0.0,0.0
185,MML,1,4.037630718294505e-05,0.0,0.0
186,values,1,4.037630718294505e-05,0.0,0.0
188,Cloneable,1,4.037630718294505e-05,0.0,0.0
190,making,1,4.037630718294505e-05,0.0,0.0
191,closing,1,4.037630718294505e-05,0.0,0.0
192,executionsequence,1,4.037630718294505e-05,0.0,0.0
194,andformats,1,4.037630718294505e-05,0.0,0.0
181,allocateduntil,1,4.037630718294505e-05,0.0,0.0
162,inaccessible,1,4.037630718294505e-05,0.0,0.0
240,lines,1,4.037630718294505e-05,0.0,0.0
245,block,1,4.037630718294505e-05,0.0,0.0
287,internally,1,4.037630718294505e-05,0.0,0.0
288,linking,1,4.037630718294505e-05,0.0,0.0
289,arrayobject,1,4.037630718294505e-05,0.0,0.0
296,parameterscodebase,1,4.037630718294505e-05,0.0,0.0
299,accompanying,1,4.037630718294505e-05,0.0,0.0
300,allJava,1,4.037630718294505e-05,0.0,0.0
301,expressions,1,4.037630718294505e-05,0.0,0.0
302,DLLs,1,4.037630718294505e-05,0.0,0.0
284,effects,1,4.037630718294505e-05,0.0,0.0
304,longerneeded,1,4.037630718294505e-05,0.0,0.0
307,harm,1,4.037630718294505e-05,0.0,0.0
308,square,1,4.037630718294505e-05,0.0,0.0
309,idInteger,1,4.037630718294505e-05,0.0,0.0
310,ofC,1,4.037630718294505e-05,0.0,0.0
311,Generic,1,4.037630718294505e-05,0.0,0.0
313,related,1,4.037630718294505e-05,0.0,0.0
314,methodsRobustnessThe,1,4.037630718294505e-05,0.0,0.0
315,realobjects,1,4.037630718294505e-05,0.0,0.0
306,referred,1,4.037630718294505e-05,0.0,0.0
243,complexity,1,4.037630718294505e-05,0.0,0.0
282,objectGeneral,1,4.037630718294505e-05,0.0,0.0
279,valueOf,1,4.037630718294505e-05,0.0,0.0
247,representation,1,4.037630718294505e-05,0.0,0.0
248,order,1,4.037630718294505e-05,0.0,0.0
249,operations,1,4.037630718294505e-05,0.0,0.0
250,What,1,4.037630718294505e-05,0.0,0.0
252,bindJava,1,4.037630718294505e-05,0.0,0.0
253,pointed,1,4.037630718294505e-05,0.0,0.0
255,Jim,1,4.037630718294505e-05,0.0,0.0
257,ofyour,1,4.037630718294505e-05,0.0,0.0
281,combination,1,4.037630718294505e-05,0.0,0.0
258,looks,1,4.037630718294505e-05,0.0,0.0
262,InterfaceThe,1,4.037630718294505e-05,0.0,0.0
263,before,1,4.037630718294505e-05,0.0,0.0
266,img,1,4.037630718294505e-05,0.0,0.0
267,interesting,1,4.037630718294505e-05,0.0,0.0
268,Interfaces,1,4.037630718294505e-05,0.0,0.0
270,Macapplication,1,4.037630718294505e-05,0.0,0.0
274,systems,1,4.037630718294505e-05,0.0,0.0
277,arguments,1,4.037630718294505e-05,0.0,0.0
261,Final,1,4.037630718294505e-05,0.0,0.0
317,thatknow,1,4.037630718294505e-05,0.0,0.0
161,Multi,1,4.037630718294505e-05,0.0,0.0
157,andt,1,4.037630718294505e-05,0.0,0.0
48,AppletThe,1,4.037630718294505e-05,0.0,0.0
49,atruntime,1,4.037630718294505e-05,0.0,0.0
51,immediately,1,4.037630718294505e-05,0.0,0.0
53,deallocates,1,4.037630718294505e-05,0.0,0.0
54,issue,1,4.037630718294505e-05,0.0,0.0
56,having,1,4.037630718294505e-05,0.0,0.0
59,item,1,4.037630718294505e-05,0.0,0.0
62,literaltrue,1,4.037630718294505e-05,0.0,0.0
46,DeclarationsA,1,4.037630718294505e-05,0.0,0.0
64,deallocated,1,4.037630718294505e-05,0.0,0.0
70,objectOperatorsThe,1,4.037630718294505e-05,0.0,0.0
72,e6D,1,4.037630718294505e-05,0.0,0.0
73,lack,1,4.037630718294505e-05,0.0,0.0
74,e6F,1,4.037630718294505e-05,0.0,0.0
76,Version,1,4.037630718294505e-05,0.0,0.0
77,displays,1,4.037630718294505e-05,0.0,0.0
79,hspace,1,4.037630718294505e-05,0.0,0.0
82,what,1,4.037630718294505e-05,0.0,0.0
67,pretend,1,4.037630718294505e-05,0.0,0.0
83,abc,1,4.037630718294505e-05,0.0,0.0
45,othermachines,1,4.037630718294505e-05,0.0,0.0
43,Classes,1,4.037630718294505e-05,0.0,0.0
4,forget,1,4.037630718294505e-05,0.0,0.0
5,Forexample,1,4.037630718294505e-05,0.0,0.0
7,equivalentcode,1,4.037630718294505e-05,0.0,0.0
9,leads,1,4.037630718294505e-05,0.0,0.0
10,manager,1,4.037630718294505e-05,0.0,0.0
13,constants,1,4.037630718294505e-05,0.0,0.0
17,nested,1,4.037630718294505e-05,0.0,0.0
19,referring,1,4.037630718294505e-05,0.0,0.0
44,every,1,4.037630718294505e-05,0.0,0.0
20,proneJava,1,4.037630718294505e-05,0.0,0.0
23,structs,1,4.037630718294505e-05,0.0,0.0
29,stat2default,1,4.037630718294505e-05,0.0,0.0
30,toconvert,1,4.037630718294505e-05,0.0,0.0
35,InitializersVariables,1,4.037630718294505e-05,0.0,0.0
37,advantage,1,4.037630718294505e-05,0.0,0.0
38,outside,1,4.037630718294505e-05,0.0,0.0
40,buttonsa,1,4.037630718294505e-05,0.0,0.0
42,differently,1,4.037630718294505e-05,0.0,0.0
22,contained,1,4.037630718294505e-05,0.0,0.0
160,thedifference,1,4.037630718294505e-05,0.0,0.0
84,relieving,1,4.037630718294505e-05,0.0,0.0
86,brackets,1,4.037630718294505e-05,0.0,0.0
124,publicclass,1,4.037630718294505e-05,0.0,0.0
126,useful,1,4.037630718294505e-05,0.0,0.0
128,notnecessary,1,4.037630718294505e-05,0.0,0.0
129,When,1,4.037630718294505e-05,0.0,0.0
130,Three,1,4.037630718294505e-05,0.0,0.0
131,visible,1,4.037630718294505e-05,0.0,0.0
132,crashesduring,1,4.037630718294505e-05,0.0,0.0
133,Therefore,1,4.037630718294505e-05,0.0,0.0
122,Owner,1,4.037630718294505e-05,0.0,0.0
134,Forms,1,4.037630718294505e-05,0.0,0.0
136,apply,1,4.037630718294505e-05,0.0,0.0
137,copyJava,1,4.037630718294505e-05,0.0,0.0
138,testCommentsJava,1,4.037630718294505e-05,0.0,0.0
140,flavors,1,4.037630718294505e-05,0.0,0.0
144,takes,1,4.037630718294505e-05,0.0,0.0
147,remains,1,4.037630718294505e-05,0.0,0.0
148,illegal,1,4.037630718294505e-05,0.0,0.0
153,leaks,1,4.037630718294505e-05,0.0,0.0
135,stat2switchswitch,1,4.037630718294505e-05,0.0,0.0
85,stat3,1,4.037630718294505e-05,0.0,0.0
121,codedirectly,1,4.037630718294505e-05,0.0,0.0
119,Your,1,4.037630718294505e-05,0.0,0.0
88,Javaobject,1,4.037630718294505e-05,0.0,0.0
90,npackage,1,4.037630718294505e-05,0.0,0.0
93,ConstantsVariables,1,4.037630718294505e-05,0.0,0.0
94,UNICODE,1,4.037630718294505e-05,0.0,0.0
95,Put,1,4.037630718294505e-05,0.0,0.0
99,body,1,4.037630718294505e-05,0.0,0.0
101,availablefor,1,4.037630718294505e-05,0.0,0.0
102,TypeDescriptionbooleantrue,1,4.037630718294505e-05,0.0,0.0
120,ApplicationConsider,1,4.037630718294505e-05,0.0,0.0
104,intsnew,1,4.037630718294505e-05,0.0,0.0
110,operating,1,4.037630718294505e-05,0.0,0.0
111,Common,1,4.037630718294505e-05,0.0,0.0
112,redrawn,1,4.037630718294505e-05,0.0,0.0
113,obtained,1,4.037630718294505e-05,0.0,0.0
115,nameListqualified,1,4.037630718294505e-05,0.0,0.0
116,shift,1,4.037630718294505e-05,0.0,0.0
117,leaves,1,4.037630718294505e-05,0.0,0.0
118,needsto,1,4.037630718294505e-05,0.0,0.0
108,Creates,1,4.037630718294505e-05,0.0,0.0
318,calling,1,4.037630718294505e-05,0.0,0.0
322,try,1,4.037630718294505e-05,0.0,0.0
323,declaration,1,4.037630718294505e-05,0.0,0.0
533,means,1,4.037630718294505e-05,0.0,0.0
534,Arraysint,1,4.037630718294505e-05,0.0,0.0
535,MAX_VALUE,1,4.037630718294505e-05,0.0,0.0
538,objectsuperthe,1,4.037630718294505e-05,0.0,0.0
539,next,1,4.037630718294505e-05,0.0,0.0
541,sstill,1,4.037630718294505e-05,0.0,0.0
544,useStringBuffer,1,4.037630718294505e-05,0.0,0.0
545,mainwindow,1,4.037630718294505e-05,0.0,0.0
531,above,1,4.037630718294505e-05,0.0,0.0
546,ofcode,1,4.037630718294505e-05,0.0,0.0
550,runs,1,4.037630718294505e-05,0.0,0.0
553,Sends,1,4.037630718294505e-05,0.0,0.0
555,commentswhere,1,4.037630718294505e-05,0.0,0.0
559,drawString,1,4.037630718294505e-05,0.0,0.0
560,processed,1,4.037630718294505e-05,0.0,0.0
562,including,1,4.037630718294505e-05,0.0,0.0
563,JavaBasics,1,4.037630718294505e-05,0.0,0.0
564,steal,1,4.037630718294505e-05,0.0,0.0
548,messagesfrom,1,4.037630718294505e-05,0.0,0.0
565,hostplatform,1,4.037630718294505e-05,0.0,0.0
528,local,1,4.037630718294505e-05,0.0,0.0
526,attemptingto,1,4.037630718294505e-05,0.0,0.0
497,latest,1,4.037630718294505e-05,0.0,0.0
498,painting,1,4.037630718294505e-05,0.0,0.0
500,reserve,1,4.037630718294505e-05,0.0,0.0
505,Bitmaps,1,4.037630718294505e-05,0.0,0.0
1011,Sockets,1,4.037630718294505e-05,0.0,0.0
507,inflexible,1,4.037630718294505e-05,0.0,0.0
508,keywords,1,4.037630718294505e-05,0.0,0.0
509,corner,1,4.037630718294505e-05,0.0,0.0
527,aseparate,1,4.037630718294505e-05,0.0,0.0
510,trivial,1,4.037630718294505e-05,0.0,0.0
512,current,1,4.037630718294505e-05,0.0,0.0
513,giant,1,4.037630718294505e-05,0.0,0.0
514,removed,1,4.037630718294505e-05,0.0,0.0
515,precedence,1,4.037630718294505e-05,0.0,0.0
517,forfor,1,4.037630718294505e-05,0.0,0.0
519,AWT,1,4.037630718294505e-05,0.0,0.0
520,distributed,1,4.037630718294505e-05,0.0,0.0
523,scoped,1,4.037630718294505e-05,0.0,0.0
511,find,1,4.037630718294505e-05,0.0,0.0
495,clean,1,4.037630718294505e-05,0.0,0.0
566,conversions,1,4.037630718294505e-05,0.0,0.0
572,thereby,1,4.037630718294505e-05,0.0,0.0
616,deiconify,1,4.037630718294505e-05,0.0,0.0
619,context,1,4.037630718294505e-05,0.0,0.0
620,TypesThe,1,4.037630718294505e-05,0.0,0.0
627,calledArrayIndexOutOfBoundsException,1,4.037630718294505e-05,0.0,0.0
628,named,1,4.037630718294505e-05,0.0,0.0
632,environments,1,4.037630718294505e-05,0.0,0.0
633,loader,1,4.037630718294505e-05,0.0,0.0
637,parseInt,1,4.037630718294505e-05,0.0,0.0
615,copysemantics,1,4.037630718294505e-05,0.0,0.0
640,objectPrimitive,1,4.037630718294505e-05,0.0,0.0
642,otherJava,1,4.037630718294505e-05,0.0,0.0
643,classthat,1,4.037630718294505e-05,0.0,0.0
644,loadable,1,4.037630718294505e-05,0.0,0.0
645,Applications,1,4.037630718294505e-05,0.0,0.0
648,Frameremoves,1,4.037630718294505e-05,0.0,0.0
653,much,1,4.037630718294505e-05,0.0,0.0
654,StartingClassName,1,4.037630718294505e-05,0.0,0.0
655,basic,1,4.037630718294505e-05,0.0,0.0
641,Method,1,4.037630718294505e-05,0.0,0.0
569,mandatory,1,4.037630718294505e-05,0.0,0.0
613,many,1,4.037630718294505e-05,0.0,0.0
609,defense,1,4.037630718294505e-05,0.0,0.0
574,computer,1,4.037630718294505e-05,0.0,0.0
576,functionwould,1,4.037630718294505e-05,0.0,0.0
577,corrupt,1,4.037630718294505e-05,0.0,0.0
578,becausethey,1,4.037630718294505e-05,0.0,0.0
580,stats,1,4.037630718294505e-05,0.0,0.0
582,Buttonobject,1,4.037630718294505e-05,0.0,0.0
584,libraries,1,4.037630718294505e-05,0.0,0.0
585,PC,1,4.037630718294505e-05,0.0,0.0
612,efficiency,1,4.037630718294505e-05,0.0,0.0
587,Part,1,4.037630718294505e-05,0.0,0.0
591,errors,1,4.037630718294505e-05,0.0,0.0
592,BasicsTopics,1,4.037630718294505e-05,0.0,0.0
593,across,1,4.037630718294505e-05,0.0,0.0
595,creating,1,4.037630718294505e-05,0.0,0.0
600,codeButton,1,4.037630718294505e-05,0.0,0.0
602,acompilation,1,4.037630718294505e-05,0.0,0.0
606,restrictions,1,4.037630718294505e-05,0.0,0.0
608,commenting,1,4.037630718294505e-05,0.0,0.0
588,toString,1,4.037630718294505e-05,0.0,0.0
492,assignments,1,4.037630718294505e-05,0.0,0.0
490,Float,1,4.037630718294505e-05,0.0,0.0
489,considered,1,4.037630718294505e-05,0.0,0.0
369,think,1,4.037630718294505e-05,0.0,0.0
371,suffixhexadecimal,1,4.037630718294505e-05,0.0,0.0
372,thedirectories,1,4.037630718294505e-05,0.0,0.0
373,major,1,4.037630718294505e-05,0.0,0.0
374,already,1,4.037630718294505e-05,0.0,0.0
376,upper,1,4.037630718294505e-05,0.0,0.0
379,number,1,4.037630718294505e-05,0.0,0.0
381,Aplications,1,4.037630718294505e-05,0.0,0.0
367,allocatesmemory,1,4.037630718294505e-05,0.0,0.0
382,EqualityTwo,1,4.037630718294505e-05,0.0,0.0
386,blank,1,4.037630718294505e-05,0.0,0.0
388,implementor,1,4.037630718294505e-05,0.0,0.0
389,sockets,1,4.037630718294505e-05,0.0,0.0
391,priority,1,4.037630718294505e-05,0.0,0.0
392,programinstantiates,1,4.037630718294505e-05,0.0,0.0
394,fromall,1,4.037630718294505e-05,0.0,0.0
396,leading,1,4.037630718294505e-05,0.0,0.0
397,respond,1,4.037630718294505e-05,0.0,0.0
385,another,1,4.037630718294505e-05,0.0,0.0
398,constant0x123octal,1,4.037630718294505e-05,0.0,0.0
366,Interpreter,1,4.037630718294505e-05,0.0,0.0
364,signature,1,4.037630718294505e-05,0.0,0.0
324,ishandled,1,4.037630718294505e-05,0.0,0.0
326,shallow,1,4.037630718294505e-05,0.0,0.0
327,typespurely,1,4.037630718294505e-05,0.0,0.0
328,StructureA,1,4.037630718294505e-05,0.0,0.0
330,content,1,4.037630718294505e-05,0.0,0.0
332,Browser,1,4.037630718294505e-05,0.0,0.0
333,bepreceded,1,4.037630718294505e-05,0.0,0.0
336,Pointers,1,4.037630718294505e-05,0.0,0.0
365,consequence,1,4.037630718294505e-05,0.0,0.0
338,typeelement,1,4.037630718294505e-05,0.0,0.0
345,mml,1,4.037630718294505e-05,0.0,0.0
346,completely,1,4.037630718294505e-05,0.0,0.0
347,falsebyte8,1,4.037630718294505e-05,0.0,0.0
348,members,1,4.037630718294505e-05,0.0,0.0
350,ExpressionsMost,1,4.037630718294505e-05,0.0,0.0
353,objectresults,1,4.037630718294505e-05,0.0,0.0
356,created,1,4.037630718294505e-05,0.0,0.0
363,isn,1,4.037630718294505e-05,0.0,0.0
342,CLASSPATH,1,4.037630718294505e-05,0.0,0.0
401,leakage,1,4.037630718294505e-05,0.0,0.0
403,returns,1,4.037630718294505e-05,0.0,0.0
404,listed,1,4.037630718294505e-05,0.0,0.0
458,onany,1,4.037630718294505e-05,0.0,0.0
459,Language,1,4.037630718294505e-05,0.0,0.0
460,efficient,1,4.037630718294505e-05,0.0,0.0
461,typesint,1,4.037630718294505e-05,0.0,0.0
463,note,1,4.037630718294505e-05,0.0,0.0
465,potential,1,4.037630718294505e-05,0.0,0.0
469,ObjectsButton,1,4.037630718294505e-05,0.0,0.0
470,standardoutput,1,4.037630718294505e-05,0.0,0.0
455,Instead,1,4.037630718294505e-05,0.0,0.0
472,multiple,1,4.037630718294505e-05,0.0,0.0
477,DescriptionJava,1,4.037630718294505e-05,0.0,0.0
478,independentbyte,1,4.037630718294505e-05,0.0,0.0
479,exceptionsJava,1,4.037630718294505e-05,0.0,0.0
480,plus,1,4.037630718294505e-05,0.0,0.0
482,phase,1,4.037630718294505e-05,0.0,0.0
484,integerint,1,4.037630718294505e-05,0.0,0.0
486,calledequals,1,4.037630718294505e-05,0.0,0.0
488,observation,1,4.037630718294505e-05,0.0,0.0
474,normal,1,4.037630718294505e-05,0.0,0.0
452,Window,1,4.037630718294505e-05,0.0,0.0
451,definitionsimport,1,4.037630718294505e-05,0.0,0.0
448,Instance,1,4.037630718294505e-05,0.0,0.0
406,convention,1,4.037630718294505e-05,0.0,0.0
407,Such,1,4.037630718294505e-05,0.0,0.0
410,objid,1,4.037630718294505e-05,0.0,0.0
412,implements,1,4.037630718294505e-05,0.0,0.0
416,highest,1,4.037630718294505e-05,0.0,0.0
418,asnew,1,4.037630718294505e-05,0.0,0.0
419,TypesPrimitive,1,4.037630718294505e-05,0.0,0.0
424,character,1,4.037630718294505e-05,0.0,0.0
425,Javalanguage,1,4.037630718294505e-05,0.0,0.0
430,zero,1,4.037630718294505e-05,0.0,0.0
433,Javaruntime,1,4.037630718294505e-05,0.0,0.0
434,u00aeboolean,1,4.037630718294505e-05,0.0,0.0
435,stale,1,4.037630718294505e-05,0.0,0.0
436,pointerb,1,4.037630718294505e-05,0.0,0.0
437,treated,1,4.037630718294505e-05,0.0,0.0
442,files,1,4.037630718294505e-05,0.0,0.0
443,Id,1,4.037630718294505e-05,0.0,0.0
445,notspecify,1,4.037630718294505e-05,0.0,0.0
446,rewrite,1,4.037630718294505e-05,0.0,0.0
659,optionally,1,4.037630718294505e-05,0.0,0.0
506,bring,1,4.037630718294505e-05,0.0,0.0
